<?xml version="1.0"?>
<questestinterop xmlns="http://www.imsglobal.org/xsd/ims_qtiasiv1p2" xmlns:xsi="http://www.w3.org/2001/XMLSchema-instance" xsi:schemaLocation="http://www.imsglobal.org/xsd/ims_qtiasiv1p2 http://www.imsglobal.org/xsd/ims_qtiasiv1p2p1.xsd">
  <assessment ident="gcf1747f5de26fda94ab5bf3954e17c58" title="Model Quiz" external_assignment_id="15555">
    <qtimetadata>
      <qtimetadatafield>
        <fieldlabel>cc_maxattempts</fieldlabel>
        <fieldentry>1</fieldentry>
      </qtimetadatafield>
    </qtimetadata>
    <section ident="root_section">
      <item ident="5e39d9a7d88fdac389531c76924e072e" title="Question Title">
        <itemmetadata>
          <qtimetadata>
            <qtimetadatafield>
              <fieldlabel>question_type</fieldlabel>
              <fieldentry>multiple_choice_question</fieldentry>
            </qtimetadatafield>
            <qtimetadatafield>
              <fieldlabel>points_possible</fieldlabel>
              <fieldentry>1.0</fieldentry>
            </qtimetadatafield>
            <qtimetadatafield>
              <fieldlabel>original_answer_ids</fieldlabel>
              <fieldentry>3f33ec63-3bd4-43b4-b33e-42fc397635c9,e10b0b5d-af0b-4d3a-bc61-592f0ce48bd9,b65e67c2-78af-428d-a436-31263b1ce45d,a77a3e92-d8bf-4f56-86ed-2a71bf6ceed7</fieldentry>
            </qtimetadatafield>
            <qtimetadatafield>
              <fieldlabel>assessment_question_identifierref</fieldlabel>
              <fieldentry>765b6b2698f56696cba22d2e2af13b75</fieldentry>
            </qtimetadatafield>
            <qtimetadatafield>
              <fieldlabel>calculator_type</fieldlabel>
              <fieldentry>none</fieldentry>
            </qtimetadatafield>
          </qtimetadata>
        </itemmetadata>
        <presentation>
          <material>
            <mattext texttype="text/html">&lt;p&gt;Question Stem&lt;/p&gt;</mattext>
          </material>
          <response_lid ident="response1" rcardinality="Single">
            <render_choice>
              <response_label ident="3f33ec63-3bd4-43b4-b33e-42fc397635c9">
                <material>
                  <mattext texttype="text/html">&lt;p&gt;Answer 1&lt;/p&gt;</mattext>
                </material>
              </response_label>
              <response_label ident="e10b0b5d-af0b-4d3a-bc61-592f0ce48bd9">
                <material>
                  <mattext texttype="text/html">&lt;p&gt;Answer 2&lt;/p&gt;</mattext>
                </material>
              </response_label>
              <response_label ident="b65e67c2-78af-428d-a436-31263b1ce45d">
                <material>
                  <mattext texttype="text/html">&lt;p&gt;Answer 3&lt;/p&gt;</mattext>
                </material>
              </response_label>
              <response_label ident="a77a3e92-d8bf-4f56-86ed-2a71bf6ceed7">
                <material>
                  <mattext texttype="text/html">&lt;p&gt;Answer 4&lt;/p&gt;</mattext>
                </material>
              </response_label>
            </render_choice>
          </response_lid>
        </presentation>
        <resprocessing>
          <outcomes>
            <decvar maxvalue="100" minvalue="0" varname="SCORE" vartype="Decimal"/>
          </outcomes>
          <respcondition continue="No">
            <conditionvar>
              <varequal respident="response1">3f33ec63-3bd4-43b4-b33e-42fc397635c9</varequal>
            </conditionvar>
            <setvar action="Set" varname="SCORE">100</setvar>
          </respcondition>
        </resprocessing>
      </item>
    </section>
  </assessment>
</questestinterop>
