<?xml version="1.0"?>
<questestinterop xmlns="http://www.imsglobal.org/xsd/ims_qtiasiv1p2" xmlns:xsi="http://www.w3.org/2001/XMLSchema-instance" xsi:schemaLocation="http://www.imsglobal.org/xsd/ims_qtiasiv1p2 http://www.imsglobal.org/xsd/ims_qtiasiv1p2p1.xsd">
  <assessment ident="g089fe1d8a4d3b309b0dac22bb499cfef" title="Sample Quiz" external_assignment_id="15514">
    <qtimetadata>
      <qtimetadatafield>
        <fieldlabel>cc_maxattempts</fieldlabel>
        <fieldentry>1</fieldentry>
      </qtimetadatafield>
    </qtimetadata>
    <section ident="root_section">
      <item ident="5bde8633b446c4129a8110f0060653d7" title="Question">
        <itemmetadata>
          <qtimetadata>
            <qtimetadatafield>
              <fieldlabel>question_type</fieldlabel>
              <fieldentry>multiple_choice_question</fieldentry>
            </qtimetadatafield>
            <qtimetadatafield>
              <fieldlabel>points_possible</fieldlabel>
              <fieldentry>1.0</fieldentry>
            </qtimetadatafield>
            <qtimetadatafield>
              <fieldlabel>original_answer_ids</fieldlabel>
              <fieldentry>fbb39cef-fb74-4b26-9012-557428c03d54,17b26006-4297-4583-838c-d63b0c70f7a7,62997924-0da8-46fb-8155-bf6d386644d8,f2de6db4-41ad-4bfe-af46-3fec5004f199</fieldentry>
            </qtimetadatafield>
            <qtimetadatafield>
              <fieldlabel>assessment_question_identifierref</fieldlabel>
              <fieldentry>a018f69e247601b6fe0be4d13e051441</fieldentry>
            </qtimetadatafield>
            <qtimetadatafield>
              <fieldlabel>calculator_type</fieldlabel>
              <fieldentry>none</fieldentry>
            </qtimetadatafield>
          </qtimetadata>
        </itemmetadata>
        <presentation>
          <material>
            <mattext texttype="text/html">&lt;p&gt;What is the capital of France?&lt;/p&gt;</mattext>
          </material>
          <response_lid ident="response1" rcardinality="Single">
            <render_choice>
              <response_label ident="fbb39cef-fb74-4b26-9012-557428c03d54">
                <material>
                  <mattext texttype="text/html">&lt;p&gt;Paris&lt;/p&gt;</mattext>
                </material>
              </response_label>
              <response_label ident="17b26006-4297-4583-838c-d63b0c70f7a7">
                <material>
                  <mattext texttype="text/html">&lt;p&gt;London&lt;/p&gt;</mattext>
                </material>
              </response_label>
              <response_label ident="62997924-0da8-46fb-8155-bf6d386644d8">
                <material>
                  <mattext texttype="text/html">&lt;p&gt;Berlin&lt;/p&gt;</mattext>
                </material>
              </response_label>
              <response_label ident="f2de6db4-41ad-4bfe-af46-3fec5004f199">
                <material>
                  <mattext texttype="text/html">&lt;p&gt;Madrid&lt;/p&gt;</mattext>
                </material>
              </response_label>
            </render_choice>
          </response_lid>
        </presentation>
        <resprocessing>
          <outcomes>
            <decvar maxvalue="100" minvalue="0" varname="SCORE" vartype="Decimal"/>
          </outcomes>
          <respcondition continue="No">
            <conditionvar>
              <varequal respident="response1">fbb39cef-fb74-4b26-9012-557428c03d54</varequal>
            </conditionvar>
            <setvar action="Set" varname="SCORE">100</setvar>
          </respcondition>
        </resprocessing>
      </item>
      <item ident="575810c56ef8b641f55ef7c7e71ccae1" title="Question">
        <itemmetadata>
          <qtimetadata>
            <qtimetadatafield>
              <fieldlabel>question_type</fieldlabel>
              <fieldentry>multiple_choice_question</fieldentry>
            </qtimetadatafield>
            <qtimetadatafield>
              <fieldlabel>points_possible</fieldlabel>
              <fieldentry>1.0</fieldentry>
            </qtimetadatafield>
            <qtimetadatafield>
              <fieldlabel>original_answer_ids</fieldlabel>
              <fieldentry>9384770a-f16a-4de7-9509-e8890af3b617,72b70b85-6e5e-44b4-85b1-7de46b02aa08,90d9c8c0-179c-4aa4-a494-470c0951a637,0fb3701c-bcd0-4311-98ae-1c4e89c348e9</fieldentry>
            </qtimetadatafield>
            <qtimetadatafield>
              <fieldlabel>assessment_question_identifierref</fieldlabel>
              <fieldentry>e13b1fa9d4c1d4b843e5ba4df8a39e26</fieldentry>
            </qtimetadatafield>
            <qtimetadatafield>
              <fieldlabel>calculator_type</fieldlabel>
              <fieldentry>none</fieldentry>
            </qtimetadatafield>
          </qtimetadata>
        </itemmetadata>
        <presentation>
          <material>
            <mattext texttype="text/html">&lt;p&gt;Which programming language is this app written in?&lt;/p&gt;</mattext>
          </material>
          <response_lid ident="response1" rcardinality="Single">
            <render_choice>
              <response_label ident="9384770a-f16a-4de7-9509-e8890af3b617">
                <material>
                  <mattext texttype="text/html">&lt;p&gt;Swift&lt;/p&gt;</mattext>
                </material>
              </response_label>
              <response_label ident="72b70b85-6e5e-44b4-85b1-7de46b02aa08">
                <material>
                  <mattext texttype="text/html">&lt;p&gt;Python&lt;/p&gt;</mattext>
                </material>
              </response_label>
              <response_label ident="90d9c8c0-179c-4aa4-a494-470c0951a637">
                <material>
                  <mattext texttype="text/html">&lt;p&gt;JavaScript&lt;/p&gt;</mattext>
                </material>
              </response_label>
              <response_label ident="0fb3701c-bcd0-4311-98ae-1c4e89c348e9">
                <material>
                  <mattext texttype="text/html">&lt;p&gt;Java&lt;/p&gt;</mattext>
                </material>
              </response_label>
            </render_choice>
          </response_lid>
        </presentation>
        <resprocessing>
          <outcomes>
            <decvar maxvalue="100" minvalue="0" varname="SCORE" vartype="Decimal"/>
          </outcomes>
          <respcondition continue="No">
            <conditionvar>
              <varequal respident="response1">9384770a-f16a-4de7-9509-e8890af3b617</varequal>
            </conditionvar>
            <setvar action="Set" varname="SCORE">100</setvar>
          </respcondition>
        </resprocessing>
      </item>
    </section>
  </assessment>
</questestinterop>
