<?xml version="1.0"?>
<manifest xmlns="http://www.imsglobal.org/xsd/imsccv1p1/imscp_v1p1" xmlns:lom="http://ltsc.ieee.org/xsd/imsccv1p1/LOM/resource" xmlns:imsmd="http://www.imsglobal.org/xsd/imsmd_v1p2" xmlns:xsi="http://www.w3.org/2001/XMLSchema-instance" identifier="5050FC0783EE4CAAB483D6B8D66DF0C9" xsi:schemaLocation="http://www.imsglobal.org/xsd/imsccv1p1/imscp_v1p1 http://www.imsglobal.org/xsd/imscp_v1p1.xsd http://ltsc.ieee.org/xsd/imsccv1p1/LOM/resource http://www.imsglobal.org/profile/cc/ccv1p1/LOM/ccv1p1_lomresource_v1p0.xsd http://www.imsglobal.org/xsd/imsmd_v1p2 http://www.imsglobal.org/xsd/imsmd_v1p2p2.xsd">
  <metadata>
    <schema>IMS Content</schema>
    <schemaversion>1.1.3</schemaversion>
    <imsmd:lom>
      <imsmd:general>
        <imsmd:title>
          <imsmd:string>QTI Quiz Export for Test Sample</imsmd:string>
        </imsmd:title>
      </imsmd:general>
      <imsmd:lifeCycle>
        <imsmd:contribute>
          <imsmd:date>
            <imsmd:dateTime>2025-11-18</imsmd:dateTime>
          </imsmd:date>
        </imsmd:contribute>
      </imsmd:lifeCycle>
      <imsmd:rights>
        <imsmd:copyrightAndOtherRestrictions>
          <imsmd:value>yes</imsmd:value>
        </imsmd:copyrightAndOtherRestrictions>
        <imsmd:description>
          <imsmd:string>Private (Copyrighted) - http://en.wikipedia.org/wiki/Copyright</imsmd:string>
        </imsmd:description>
      </imsmd:rights>
    </imsmd:lom>
  </metadata>
  <organizations/>
  <resources>
    <resource identifier="g033f937418a54a8a71f13ffe4ed72f52" type="imsqti_xmlv1p2">
      <file href="g033f937418a54a8a71f13ffe4ed72f52/g033f937418a54a8a71f13ffe4ed72f52.xml"/>
      <dependency identifierref="17CA758869F64ABEBC5281250AC22318"/>
    </resource>
    <resource identifier="17CA758869F64ABEBC5281250AC22318" type="associatedcontent/imscc_xmlv1p1/learning-application-resource" href="g033f937418a54a8a71f13ffe4ed72f52/assessment_meta.xml">
      <file href="g033f937418a54a8a71f13ffe4ed72f52/assessment_meta.xml"/>
    </resource>
  </resources>
</manifest>