<?xml version="1.0"?>
<questestinterop xmlns="http://www.imsglobal.org/xsd/ims_qtiasiv1p2" xmlns:xsi="http://www.w3.org/2001/XMLSchema-instance" xsi:schemaLocation="http://www.imsglobal.org/xsd/ims_qtiasiv1p2 http://www.imsglobal.org/xsd/ims_qtiasiv1p2p1.xsd">
    <assessment ident="EA4B103D180E4954959FBE8E10CB8A64" title="Sample Quiz">
        <qtimetadata>
            <qtimetadatafield>
                <fieldlabel>cc_maxattempts</fieldlabel>
                <fieldentry>1</fieldentry>
            </qtimetadatafield>
        </qtimetadata>
        <section ident="root_section">
            <item ident="FBEED994636349DEBECF3CD4EFC3C04A" title="Question">
                <itemmetadata>
                    <qtimetadata>
                        <qtimetadatafield>
                            <fieldlabel>question_type</fieldlabel>
                            <fieldentry>multiple_choice_question</fieldentry>
                        </qtimetadatafield>
                        <qtimetadatafield>
                            <fieldlabel>points_possible</fieldlabel>
                            <fieldentry>1.0</fieldentry>
                        </qtimetadatafield>
                        <qtimetadatafield>
                            <fieldlabel>original_answer_ids</fieldlabel>
                            <fieldentry>3B1808B8-BB9B-4EEF-B7CC-5BC0294D49B5,62DD02E6-3F0C-4D3F-9CCA-9CDEA7A7BFC1,6DD1FC5D-4B9E-454A-A894-4F544706AB5A,4BF0DB50-2986-4F1C-9C58-E7701FC1C853</fieldentry>
                        </qtimetadatafield>
                        <qtimetadatafield>
                            <fieldlabel>calculator_type</fieldlabel>
                            <fieldentry>none</fieldentry>
                        </qtimetadatafield>
                    </qtimetadata>
                </itemmetadata>
                <presentation>
                    <material>
                        <mattext texttype="text/html">&lt;p&gt;What is the capital of France?&lt;/p&gt;</mattext>
                    </material>
                    <response_lid ident="response1" rcardinality="Single">
                        <render_choice>
                            <response_label ident="FC860DFE-7B27-461E-A0BA-12E4E489A10B">
                                <material>
                                    <mattext texttype="text/html">&lt;p&gt;Paris&lt;/p&gt;</mattext>
                                </material>
                            </response_label>
                            <response_label ident="542BDF4A-F8D3-4045-8C09-0982CF544600">
                                <material>
                                    <mattext texttype="text/html">&lt;p&gt;London&lt;/p&gt;</mattext>
                                </material>
                            </response_label>
                            <response_label ident="52975E83-BF10-42F9-A414-89F561BF23FA">
                                <material>
                                    <mattext texttype="text/html">&lt;p&gt;Berlin&lt;/p&gt;</mattext>
                                </material>
                            </response_label>
                            <response_label ident="67B9FBC9-1FDA-406A-A5FB-B78D9759E326">
                                <material>
                                    <mattext texttype="text/html">&lt;p&gt;Madrid&lt;/p&gt;</mattext>
                                </material>
                            </response_label>
                        </render_choice>
                    </response_lid>
                </presentation>
                <resprocessing>
                    <outcomes>
                        <decvar maxvalue="100" minvalue="0" varname="SCORE" vartype="Decimal"></decvar>
                    </outcomes>
                    <respcondition continue="No">
                        <conditionvar>
                            <varequal respident="response1">682D5F49-CC65-462B-A383-A0847DE2C271</varequal>
                        </conditionvar>
                        <setvar action="Set" varname="SCORE">100</setvar>
                    </respcondition>
                </resprocessing>
            </item>
            <item ident="2B3C6E59025C4D1F8F624A402165D1D0" title="Question">
                <itemmetadata>
                    <qtimetadata>
                        <qtimetadatafield>
                            <fieldlabel>question_type</fieldlabel>
                            <fieldentry>multiple_choice_question</fieldentry>
                        </qtimetadatafield>
                        <qtimetadatafield>
                            <fieldlabel>points_possible</fieldlabel>
                            <fieldentry>1.0</fieldentry>
                        </qtimetadatafield>
                        <qtimetadatafield>
                            <fieldlabel>original_answer_ids</fieldlabel>
                            <fieldentry>3F3474B8-FA8C-4887-B4BC-971BB92C6F4E,92E9E706-00FF-4D57-875C-02E5521F74FF,111D95E3-0295-4140-B602-FF23A7904495,7F967B1E-FD45-4852-82D5-F9305408E906</fieldentry>
                        </qtimetadatafield>
                        <qtimetadatafield>
                            <fieldlabel>calculator_type</fieldlabel>
                            <fieldentry>none</fieldentry>
                        </qtimetadatafield>
                    </qtimetadata>
                </itemmetadata>
                <presentation>
                    <material>
                        <mattext texttype="text/html">&lt;p&gt;Which programming language is this app written in?&lt;/p&gt;</mattext>
                    </material>
                    <response_lid ident="response1" rcardinality="Single">
                        <render_choice>
                            <response_label ident="32359398-254C-42EA-8F19-734AD00A5AD8">
                                <material>
                                    <mattext texttype="text/html">&lt;p&gt;Swift&lt;/p&gt;</mattext>
                                </material>
                            </response_label>
                            <response_label ident="29A21234-684B-432B-8206-8FD1637F2296">
                                <material>
                                    <mattext texttype="text/html">&lt;p&gt;Python&lt;/p&gt;</mattext>
                                </material>
                            </response_label>
                            <response_label ident="AE343299-FBFE-4F41-873A-5B8E7112647F">
                                <material>
                                    <mattext texttype="text/html">&lt;p&gt;JavaScript&lt;/p&gt;</mattext>
                                </material>
                            </response_label>
                            <response_label ident="AC297F1E-D0E3-49AF-8391-283CC7EA6A46">
                                <material>
                                    <mattext texttype="text/html">&lt;p&gt;Java&lt;/p&gt;</mattext>
                                </material>
                            </response_label>
                        </render_choice>
                    </response_lid>
                </presentation>
                <resprocessing>
                    <outcomes>
                        <decvar maxvalue="100" minvalue="0" varname="SCORE" vartype="Decimal"></decvar>
                    </outcomes>
                    <respcondition continue="No">
                        <conditionvar>
                            <varequal respident="response1">5728CC64-BADC-470E-B858-239D2494D69A</varequal>
                        </conditionvar>
                        <setvar action="Set" varname="SCORE">100</setvar>
                    </respcondition>
                </resprocessing>
            </item>
        </section>
    </assessment>
</questestinterop>