<?xml version="1.0"?>
<questestinterop xmlns="http://www.imsglobal.org/xsd/ims_qtiasiv1p2" xmlns:xsi="http://www.w3.org/2001/XMLSchema-instance" xsi:schemaLocation="http://www.imsglobal.org/xsd/ims_qtiasiv1p2 http://www.imsglobal.org/xsd/ims_qtiasiv1p2p1.xsd">
    <assessment ident="g033f937418a54a8a71f13ffe4ed72f52" title="Test Sample" external_assignment_id="15507">
        <qtimetadata>
            <qtimetadatafield>
                <fieldlabel>cc_maxattempts</fieldlabel>
                <fieldentry>1</fieldentry>
            </qtimetadatafield>
        </qtimetadata>
        <section ident="root_section">
            <item ident="b7111ad3d16b3bbbe42f152ec01ea5f3" title="A question">
                <itemmetadata>
                    <qtimetadata>
                        <qtimetadatafield>
                            <fieldlabel>question_type</fieldlabel>
                            <fieldentry>multiple_choice_question</fieldentry>
                        </qtimetadatafield>
                        <qtimetadatafield>
                            <fieldlabel>points_possible</fieldlabel>
                            <fieldentry>100.0</fieldentry>
                        </qtimetadatafield>
                        <qtimetadatafield>
                            <fieldlabel>original_answer_ids</fieldlabel>
                            <fieldentry>425e38da-0477-4756-b298-620e7e31d295,d6c96295-1b29-4c6b-b394-20e2cb3309d7,9307b08d-5613-45f7-a060-c5f560d6e42f,2c408b8b-d178-47f4-9df5-b8055debb622</fieldentry>
                        </qtimetadatafield>
                        <qtimetadatafield>
                            <fieldlabel>assessment_question_identifierref</fieldlabel>
                            <fieldentry>987d751024eee176707af9a1643a64cc</fieldentry>
                        </qtimetadatafield>
                        <qtimetadatafield>
                            <fieldlabel>calculator_type</fieldlabel>
                            <fieldentry>none</fieldentry>
                        </qtimetadatafield>
                    </qtimetadata>
                </itemmetadata>
                <presentation>
                    <material>
                        <mattext texttype="text/html">&amp;lt;p&amp;gt;The &amp;lt;strong&amp;gt;answer&amp;lt;/strong&amp;gt; is …&amp;lt;/p&amp;gt;</mattext>
                    </material>
                    <response_lid ident="response1" rcardinality="Single">
                        <render_choice>
                            <response_label ident="425e38da-0477-4756-b298-620e7e31d295">
                                <material>
                                    <mattext texttype="text/html">&amp;lt;p&amp;gt;Answer One&amp;lt;/p&amp;gt;</mattext>
                                </material>
                            </response_label>
                            <response_label ident="d6c96295-1b29-4c6b-b394-20e2cb3309d7">
                                <material>
                                    <mattext texttype="text/html">&amp;lt;p&amp;gt;Answer Two&amp;lt;/p&amp;gt;</mattext>
                                </material>
                            </response_label>
                            <response_label ident="9307b08d-5613-45f7-a060-c5f560d6e42f">
                                <material>
                                    <mattext texttype="text/html">&amp;lt;p&amp;gt;Answer Three&amp;lt;/p&amp;gt;</mattext>
                                </material>
                            </response_label>
                            <response_label ident="2c408b8b-d178-47f4-9df5-b8055debb622">
                                <material>
                                    <mattext texttype="text/html">&amp;lt;p&amp;gt;Anwer Four&amp;lt;/p&amp;gt;</mattext>
                                </material>
                            </response_label>
                        </render_choice>
                    </response_lid>
                </presentation>
                <resprocessing>
                    <outcomes>
                        <decvar maxvalue="100" minvalue="0" varname="SCORE" vartype="Decimal"></decvar>
                    </outcomes>
                    <respcondition continue="No">
                        <conditionvar>
                            <varequal respident="response1">425e38da-0477-4756-b298-620e7e31d295</varequal>
                        </conditionvar>
                        <setvar action="Set" varname="SCORE">100</setvar>
                    </respcondition>
                </resprocessing>
            </item>
        </section>
    </assessment>
</questestinterop>